{
    "Across Words": {
        "name": [
            {
                "row": 0,
                "col": 4,
                "name": "EPPS",
                "hint": "Fruit with many seeds"
            },
            {
                "row": 1,
                "col": 1,
                "name": "DUD",
                "hint": "Epoch"
            },
            {
                "row": 2,
                "col": 0,
                "name": "BEATIT",
                "hint": "German Mrs"
            },
            {
                "row": 2,
                "col": 7,
                "name": "COUCH",
                "hint": "Ex^clam^ation of rebuke"
            },
            {
                "row": 3,
                "col": 0,
                "name": "MRBUMP",
                "hint": "Give a title to"
            },
            {
                "row": 3,
                "col": 7,
                "name": "REBID",
                "hint": "Central part"
            },
            {
                "row": 4,
                "col": 0,
                "name": "BOGONG",
                "hint": "Door to a field or garden"
            },
            {
                "row": 4,
                "col": 7,
                "name": "ADDER",
                "hint": "Spare bone?"
            },
            {
                "row": 5,
                "col": 0,
                "name": "ATSEA",
                "hint": "Liquid in a tree"
            },
            {
                "row": 5,
                "col": 6,
                "name": "CEDARS",
                "hint": "Make a swallowing action with effort"
            },
            {
                "row": 6,
                "col": 4,
                "name": "DOLLS",
                "hint": "Crikey!"
            },
            {
                "row": 7,
                "col": 0,
                "name": "DAMSONS",
                "hint": "_ Lynn  wartime favourite"
            },
            {
                "row": 7,
                "col": 8,
                "name": "FAUN",
                "hint": "Cloud at ground level"
            },
            {
                "row": 8,
                "col": 0,
                "name": "TEASES",
                "hint": "Swiss _  cake"
            },
            {
                "row": 8,
                "col": 7,
                "name": "CRUMB",
                "hint": "Operate"
            },
            {
                "row": 9,
                "col": 0,
                "name": "LEGBYE",
                "hint": "Roman Catholic service"
            },
            {
                "row": 9,
                "col": 7,
                "name": "TOUCH",
                "hint": "Husband of a countess"
            },
            {
                "row": 10,
                "col": 0,
                "name": "LEMONS",
                "hint": "Ship's pole"
            },
            {
                "row": 10,
                "col": 7,
                "name": "PAEAN",
                "hint": "Small room in which to confine a prisoner"
            },
            {
                "row": 11,
                "col": 4,
                "name": "ALES",
                "hint": "Actor's starting signal"
            }
        ]
    },
    "Down Words": {
        "name": [
            {
                "row": 1,
                "col": 10,
                "name": "ICIER",
                "hint": "_ Ruth  US baseball player"
            }
        ]
    }
}